Transaction_ID,Date,Customer_ID,Product_ID,Product_Category,Quantity_Sold,Unit_Price,Sales_Channel,Customer_Location,Revenue
661,2022-12-30,33,19,Beauty & Personal Care,3,18.36,In-Store,Texas,55.08
299,2022-12-30,13,10,Clothing,2,55.73,In-Store,California,111.46
507,2022-12-31,19,7,Home & Kitchen,1,72.68,Online,New York,72.68
93,2023-01-01,4,8,Electronics,1,182.38,In-Store,Texas,182.38
858,2023-01-01,34,2,Electronics,2,190.6,In-Store,California,381.2
344,2023-01-02,14,4,Home & Kitchen,1,96.94,Online,California,96.94
249,2023-01-03,12,7,Electronics,4,124.96,Online,Texas,499.84
492,2023-01-03,9,15,Electronics,2,189.93,Online,Florida,379.86
848,2023-01-03,47,17,Home & Kitchen,3,53.75,In-Store,California,161.25
470,2023-01-04,32,14,Electronics,1,163.06,In-Store,Illinois,163.06
975,2023-01-04,14,19,Beauty & Personal Care,2,60.64,Online,Texas,121.28
855,2023-01-04,40,1,Electronics,1,156.03,Online,New York,156.03
413,2023-01-05,25,1,Electronics,2,146.3,Online,Florida,292.6
843,2023-01-05,10,14,Clothing,2,93.52,In-Store,Florida,187.04
48,2023-01-05,27,18,Electronics,4,123.3,Online,New York,493.2
286,2023-01-05,37,1,Electronics,2,106.62,In-Store,California,213.24
642,2023-01-06,26,5,Beauty & Personal Care,4,91.9,Online,Illinois,367.6
700,2023-01-06,42,9,Beauty & Personal Care,4,46.49,In-Store,California,185.96
888,2023-01-06,13,14,Electronics,2,132.36,Online,New York,264.72
120,2023-01-06,48,7,Electronics,1,53.86,In-Store,Florida,53.86
981,2023-01-06,36,7,Home & Kitchen,2,110.09,In-Store,Texas,220.18
351,2023-01-06,17,12,Beauty & Personal Care,2,43.24,Online,Texas,86.48
715,2023-01-06,48,8,Electronics,1,149.6,Online,California,149.6
429,2023-01-06,4,12,Electronics,3,66.62,In-Store,California,199.86
130,2023-01-06,19,4,Electronics,2,128.11,In-Store,New York,256.22
21,2023-01-06,30,16,Electronics,3,126.31,In-Store,Florida,378.93
427,2023-01-06,6,10,Beauty & Personal Care,4,58.78,Online,New York,235.12
287,2023-01-07,22,3,Electronics,4,156.03,Online,New York,624.12
687,2023-01-07,41,4,Electronics,1,161.47,In-Store,Illinois,161.47
939,2023-01-07,21,4,Beauty & Personal Care,2,92.37,In-Store,California,184.74
728,2023-01-07,13,13,Electronics,2,119.35,In-Store,New York,238.7
819,2023-01-07,34,8,Electronics,3,157.71,Online,New York,473.13
809,2023-01-07,22,19,Electronics,2,60.87,Online,Texas,121.74
830,2023-01-07,9,18,Electronics,3,139.87,In-Store,California,419.61
84,2023-01-07,7,9,Electronics,4,84.28,In-Store,Texas,337.12
201,2023-01-07,3,16,Home & Kitchen,4,43.21,In-Store,New York,172.84
706,2023-01-07,27,8,Electronics,3,157.65,Online,Illinois,472.95
782,2023-01-07,2,2,Beauty & Personal Care,1,30.13,In-Store,Texas,30.13
864,2023-01-07,29,11,Electronics,1,145.69,Online,Illinois,145.69
948,2023-01-07,14,16,Electronics,4,165.73,In-Store,Texas,662.92
69,2023-01-07,48,18,Electronics,3,83.33,In-Store,California,249.99
643,2023-01-07,15,13,Electronics,4,171.78,Online,Texas,687.12
663,2023-01-07,35,11,Electronics,2,177.84,Online,New York,355.68
170,2023-01-07,43,3,Clothing,1,77.39,Online,California,77.39
107,2023-01-07,30,16,Beauty & Personal Care,1,61.48,In-Store,California,61.48
452,2023-01-07,26,6,Beauty & Personal Care,4,45.44,In-Store,Texas,181.76
917,2023-01-07,29,8,Electronics,2,112.53,Online,Illinois,225.06
319,2023-01-07,21,15,Electronics,1,112.5,Online,Texas,112.5
590,2023-01-07,12,7,Electronics,1,122.88,Online,California,122.88
122,2023-01-07,26,15,Beauty & Personal Care,4,17.44,Online,California,69.76
670,2023-01-07,45,19,Beauty & Personal Care,4,61.62,In-Store,Illinois,246.48
671,2023-01-07,32,13,Electronics,2,103.87,In-Store,California,207.74
673,2023-01-07,16,10,Electronics,4,100.59,In-Store,New York,402.36
795,2023-01-07,14,9,Electronics,3,181.32,In-Store,Texas,543.96
392,2023-01-07,12,7,Electronics,3,132.21,In-Store,New York,396.63
668,2023-01-07,23,7,Home & Kitchen,3,112.72,In-Store,Illinois,338.16
393,2023-01-07,20,9,Beauty & Personal Care,3,89.05,Online,Illinois,267.15
931,2023-01-07,28,16,Electronics,1,179.58,In-Store,New York,179.58
275,2023-01-07,42,7,Electronics,4,80.04,Online,California,320.16
109,2023-01-07,14,12,Home & Kitchen,3,130.64,In-Store,Florida,391.92
791,2023-01-07,39,12,Electronics,4,103.89,In-Store,New York,415.56
478,2023-01-07,33,7,Electronics,4,63.02,In-Store,New York,252.08
217,2023-01-07,35,12,Home & Kitchen,2,92.65,In-Store,Florida,185.3
78,2023-01-07,49,9,Electronics,3,59.7,In-Store,Illinois,179.1
224,2023-01-07,11,3,Clothing,1,55.29,In-Store,California,55.29
547,2023-01-07,25,4,Electronics,3,111.56,In-Store,Texas,334.68
768,2023-01-07,22,2,Home & Kitchen,2,121.3,Online,California,242.6
629,2023-01-07,27,6,Electronics,3,187.57,Online,Texas,562.71
52,2023-01-07,4,3,Electronics,1,196.6,Online,Florida,196.6
43,2023-01-07,8,13,Beauty & Personal Care,4,65.61,Online,Illinois,262.44
841,2023-01-07,4,18,Clothing,3,44.05,In-Store,California,132.15
831,2023-01-07,8,10,Electronics,2,103.32,Online,Florida,206.64
840,2023-01-07,27,6,Electronics,1,82.78,In-Store,New York,82.78
293,2023-01-07,37,6,Electronics,2,137.37,Online,Florida,274.74
19,2023-01-07,19,19,Beauty & Personal Care,2,99.76,Online,California,199.52
228,2023-01-07,23,2,Electronics,4,97.38,Online,Texas,389.52
241,2023-01-07,41,6,Electronics,3,195.61,Online,New York,586.83
11,2023-01-07,27,6,Beauty & Personal Care,2,89.62,Online,California,179.24
838,2023-01-07,43,14,Beauty & Personal Care,2,18.48,In-Store,Florida,36.96
607,2023-01-07,49,1,Electronics,2,104.95,Online,Illinois,209.9
853,2023-01-07,24,9,Beauty & Personal Care,2,16.95,In-Store,California,33.9
714,2023-01-07,16,10,Clothing,3,73.07,In-Store,California,219.21
963,2023-01-07,24,18,Clothing,3,20.42,Online,Illinois,61.26
542,2023-01-07,13,9,Electronics,1,170.56,Online,Texas,170.56
986,2023-01-07,40,18,Home & Kitchen,3,120.57,In-Store,Illinois,361.71
244,2023-01-07,31,10,Clothing,4,51.14,In-Store,New York,204.56
448,2023-01-07,10,7,Electronics,2,66.04,In-Store,New York,132.08
350,2023-01-07,29,14,Electronics,3,148.81,Online,California,446.43
579,2023-01-07,12,1,Electronics,4,182.42,Online,Florida,729.68
22,2023-01-07,8,15,Electronics,3,111.65,In-Store,New York,334.95
280,2023-01-08,36,9,Beauty & Personal Care,1,79.38,Online,Florida,79.38
896,2023-01-08,10,5,Electronics,2,147.14,Online,Illinois,294.28
386,2023-01-08,30,11,Beauty & Personal Care,2,26.65,In-Store,New York,53.3
167,2023-01-08,28,4,Electronics,3,191.56,In-Store,New York,574.68
131,2023-01-08,47,2,Clothing,4,80.14,Online,Illinois,320.56
748,2023-01-08,9,19,Electronics,1,116.52,In-Store,New York,116.52
230,2023-01-08,21,18,Beauty & Personal Care,2,89.37,Online,Florida,178.74
993,2023-01-08,12,11,Clothing,3,93.04,In-Store,New York,279.12
60,2023-01-08,27,18,Electronics,2,118.36,In-Store,New York,236.72
207,2023-01-08,33,1,Electronics,4,133.34,Online,Florida,533.36
985,2023-01-08,34,18,Home & Kitchen,3,30.05,Online,California,90.15
546,2023-01-08,10,18,Electronics,4,171.45,In-Store,Texas,685.8
464,2023-01-08,20,11,Home & Kitchen,2,46.37,Online,Illinois,92.74
912,2023-01-09,22,7,Electronics,2,127.48,Online,Florida,254.96
121,2023-01-09,12,3,Electronics,4,56.43,In-Store,California,225.72
276,2023-01-09,5,8,Electronics,4,84.58,Online,Texas,338.32
457,2023-01-09,36,12,Home & Kitchen,2,127.86,Online,Illinois,255.72
420,2023-01-09,41,9,Electronics,3,103.72,Online,Texas,311.16
785,2023-01-09,46,4,Beauty & Personal Care,4,70.2,Online,Texas,280.8
697,2023-01-09,34,2,Electronics,4,170.27,In-Store,Illinois,681.08
686,2023-01-09,36,4,Electronics,2,106.33,Online,Florida,212.66
535,2023-01-10,2,6,Electronics,1,115.9,In-Store,California,115.9
790,2023-01-10,38,5,Electronics,4,52.52,Online,Texas,210.08
260,2023-01-10,23,18,Electronics,4,123.26,In-Store,California,493.04
400,2023-01-10,37,6,Electronics,4,93.88,Online,Texas,375.52
652,2023-01-11,44,14,Beauty & Personal Care,4,20.73,Online,Texas,82.92
373,2023-01-11,36,19,Home & Kitchen,4,74.17,Online,Texas,296.68
397,2023-01-11,28,4,Electronics,2,175.7,In-Store,California,351.4
669,2023-01-12,9,1,Electronics,3,73.61,Online,Texas,220.83
332,2023-01-12,9,5,Electronics,4,189.79,Online,California,759.16
226,2023-01-12,41,19,Electronics,2,72.66,Online,New York,145.32
90,2023-01-12,6,7,Beauty & Personal Care,2,86.45,Online,California,172.9
206,2023-01-12,8,19,Electronics,2,82.33,Online,New York,164.66
425,2023-01-12,31,16,Electronics,4,190.86,In-Store,California,763.44
713,2023-01-13,6,9,Electronics,3,119.02,In-Store,Illinois,357.06
441,2023-01-13,30,18,Home & Kitchen,2,110.23,In-Store,Texas,220.46
863,2023-01-13,32,7,Beauty & Personal Care,1,98.44,In-Store,Texas,98.44
407,2023-01-13,35,15,Electronics,1,58.82,Online,Illinois,58.82
892,2023-01-13,12,4,Beauty & Personal Care,2,82.69,In-Store,New York,165.38
153,2023-01-13,40,16,Electronics,3,184.85,In-Store,Florida,554.55
179,2023-01-13,2,19,Beauty & Personal Care,2,42.57,Online,Florida,85.14
611,2023-01-13,29,2,Home & Kitchen,3,110.33,In-Store,New York,330.99
534,2023-01-13,37,13,Electronics,1,100.44,Online,California,100.44
640,2023-01-13,32,15,Electronics,1,57.56,In-Store,Florida,57.56
205,2023-01-14,29,17,Electronics,4,80.77,In-Store,New York,323.08
175,2023-01-14,14,14,Home & Kitchen,4,107.62,Online,New York,430.48
358,2023-01-14,41,15,Electronics,4,172.22,Online,California,688.88
380,2023-01-14,14,2,Beauty & Personal Care,1,13.86,In-Store,Texas,13.86
92,2023-01-14,19,10,Home & Kitchen,2,118.67,Online,Texas,237.34
738,2023-01-14,23,9,Electronics,1,100.35,In-Store,Illinois,100.35
879,2023-01-14,45,10,Electronics,4,189.88,In-Store,Illinois,759.52
752,2023-01-14,5,11,Home & Kitchen,4,32.8,Online,Florida,131.2
402,2023-01-14,7,9,Electronics,2,93.06,In-Store,Florida,186.12
329,2023-01-14,2,9,Electronics,1,67.43,Online,Florida,67.43
656,2023-01-14,21,6,Electronics,4,192.67,Online,Florida,770.68
778,2023-01-14,45,1,Electronics,4,128.18,In-Store,New York,512.72
294,2023-01-14,36,9,Electronics,2,95.82,In-Store,Florida,191.64
971,2023-01-14,20,4,Clothing,2,28.98,Online,Texas,57.96
240,2023-01-14,19,2,Electronics,1,146.89,In-Store,New York,146.89
559,2023-01-14,11,7,Electronics,2,183.29,Online,Florida,366.58
561,2023-01-14,37,6,Clothing,1,46.43,In-Store,California,46.43
410,2023-01-14,5,19,Electronics,4,118.27,In-Store,Illinois,473.08
978,2023-01-14,44,4,Clothing,3,19.15,Online,Texas,57.45
26,2023-01-14,22,2,Clothing,1,40.23,In-Store,Texas,40.23
716,2023-01-14,15,9,Electronics,1,183.76,Online,Florida,183.76
717,2023-01-14,49,15,Electronics,3,65.05,Online,Illinois,195.15
608,2023-01-14,9,16,Electronics,4,56.1,Online,Texas,224.4
361,2023-01-14,44,19,Home & Kitchen,1,70.21,In-Store,California,70.21
719,2023-01-14,9,8,Electronics,4,71.83,Online,California,287.32
12,2023-01-14,10,5,Electronics,1,153.65,Online,New York,153.65
991,2023-01-14,2,10,Beauty & Personal Care,2,33.5,In-Store,New York,67.0
355,2023-01-14,1,13,Home & Kitchen,4,142.83,In-Store,Illinois,571.32
100,2023-01-14,35,6,Electronics,1,196.07,Online,Texas,196.07
664,2023-01-14,5,10,Electronics,3,162.67,Online,California,488.01
907,2023-01-14,13,2,Electronics,3,99.83,Online,New York,299.49
801,2023-01-14,1,3,Electronics,1,138.35,In-Store,New York,138.35
164,2023-01-14,12,6,Electronics,1,168.46,Online,California,168.46
106,2023-01-14,34,3,Home & Kitchen,3,86.62,Online,Illinois,259.86
893,2023-01-14,4,9,Electronics,3,193.64,Online,California,580.92
158,2023-01-14,20,4,Beauty & Personal Care,4,81.73,In-Store,Florida,326.92
510,2023-01-14,36,1,Electronics,4,191.71,Online,California,766.84
678,2023-01-14,1,4,Beauty & Personal Care,3,12.95,In-Store,New York,38.85
394,2023-01-14,21,9,Electronics,4,174.87,In-Store,Texas,699.48
890,2023-01-14,15,10,Electronics,3,199.08,Online,Illinois,597.24
804,2023-01-14,28,1,Electronics,2,84.06,Online,Florida,168.12
920,2023-01-15,28,19,Electronics,2,104.36,Online,California,208.72
70,2023-01-15,16,19,Electronics,3,176.32,In-Store,Florida,528.96
35,2023-01-15,23,12,Beauty & Personal Care,4,75.74,In-Store,Texas,302.96
845,2023-01-15,1,17,Beauty & Personal Care,3,68.83,In-Store,Florida,206.49
966,2023-01-15,29,2,Clothing,3,65.62,Online,New York,196.86
128,2023-01-16,3,17,Clothing,1,54.19,Online,Florida,54.19
964,2023-01-16,46,5,Beauty & Personal Care,1,12.59,Online,Florida,12.59
508,2023-01-17,26,18,Clothing,2,77.18,Online,California,154.36
659,2023-01-18,18,19,Home & Kitchen,2,72.39,In-Store,Florida,144.78
237,2023-01-19,34,18,Electronics,1,186.55,In-Store,Texas,186.55
883,2023-01-19,33,2,Clothing,2,56.96,In-Store,New York,113.92
895,2023-01-19,44,11,Electronics,1,99.07,Online,Texas,99.07
245,2023-01-20,32,2,Electronics,3,62.44,Online,Florida,187.32
910,2023-01-20,46,6,Home & Kitchen,1,78.54,Online,Illinois,78.54
644,2023-01-20,34,4,Home & Kitchen,3,51.63,Online,Illinois,154.89
746,2023-01-20,43,14,Electronics,4,60.92,In-Store,California,243.68
129,2023-01-20,29,17,Electronics,3,149.28,In-Store,California,447.84
166,2023-01-20,17,18,Electronics,3,118.87,In-Store,New York,356.61
813,2023-01-20,32,6,Electronics,4,91.9,In-Store,New York,367.6
41,2023-01-21,41,16,Electronics,3,97.23,In-Store,Illinois,291.69
150,2023-01-21,1,3,Electronics,2,173.16,In-Store,New York,346.32
341,2023-01-21,26,4,Electronics,3,98.44,In-Store,Florida,295.32
474,2023-01-21,8,2,Beauty & Personal Care,3,86.03,Online,California,258.09
908,2023-01-21,12,11,Electronics,2,169.09,Online,California,338.18
662,2023-01-21,26,1,Electronics,2,70.27,In-Store,Florida,140.54
285,2023-01-21,36,1,Beauty & Personal Care,1,77.44,In-Store,Florida,77.44
625,2023-01-21,21,3,Electronics,2,97.01,In-Store,Florida,194.02
238,2023-01-21,30,16,Electronics,2,91.96,In-Store,California,183.92
147,2023-01-21,37,19,Electronics,2,124.33,Online,New York,248.66
102,2023-01-21,21,2,Home & Kitchen,1,149.88,Online,California,149.88
767,2023-01-21,36,1,Beauty & Personal Care,3,61.75,In-Store,California,185.25
817,2023-01-21,31,16,Electronics,4,129.28,Online,Illinois,517.12
482,2023-01-21,36,18,Electronics,2,92.78,Online,Texas,185.56
246,2023-01-21,32,9,Home & Kitchen,1,31.4,In-Store,Florida,31.4
116,2023-01-21,45,14,Electronics,2,157.49,In-Store,Florida,314.98
390,2023-01-21,43,5,Beauty & Personal Care,3,22.75,In-Store,Florida,68.25
765,2023-01-21,45,13,Electronics,4,153.27,In-Store,Illinois,613.08
720,2023-01-21,49,18,Electronics,3,102.44,In-Store,New York,307.32
683,2023-01-21,33,2,Electronics,3,111.17,In-Store,New York,333.51
117,2023-01-21,29,3,Electronics,2,150.91,In-Store,California,301.82
496,2023-01-21,28,12,Home & Kitchen,4,138.57,Online,California,554.28
763,2023-01-21,48,8,Beauty & Personal Care,2,71.7,Online,New York,143.4
309,2023-01-21,39,11,Home & Kitchen,2,73.32,In-Store,Florida,146.64
370,2023-01-21,9,7,Electronics,1,186.43,In-Store,Texas,186.43
984,2023-01-21,5,12,Electronics,4,131.83,In-Store,California,527.32
514,2023-01-21,32,11,Beauty & Personal Care,1,67.31,Online,California,67.31
187,2023-01-21,15,11,Electronics,3,108.1,Online,California,324.3
211,2023-01-21,37,1,Electronics,3,159.24,In-Store,Texas,477.72
454,2023-01-21,37,15,Electronics,4,65.09,In-Store,Texas,260.36
587,2023-01-21,47,11,Electronics,4,132.87,Online,Texas,531.48
701,2023-01-21,5,16,Electronics,3,127.0,In-Store,Florida,381.0
944,2023-01-21,38,15,Home & Kitchen,3,75.89,Online,New York,227.67
992,2023-01-21,12,10,Electronics,2,184.79,Online,Texas,369.58
75,2023-01-21,34,4,Electronics,2,168.76,Online,Illinois,337.52
588,2023-01-21,33,8,Electronics,1,159.55,In-Store,Florida,159.55
735,2023-01-21,43,17,Home & Kitchen,2,56.65,Online,Texas,113.3
192,2023-01-21,28,7,Electronics,4,87.0,In-Store,Texas,348.0
80,2023-01-21,14,11,Electronics,3,63.67,Online,Florida,191.01
870,2023-01-21,49,14,Electronics,1,189.86,In-Store,Illinois,189.86
82,2023-01-21,2,1,Beauty & Personal Care,1,68.61,In-Store,New York,68.61
363,2023-01-22,42,18,Electronics,1,87.74,Online,Florida,87.74
933,2023-01-22,21,3,Beauty & Personal Care,1,68.99,Online,Illinois,68.99
300,2023-01-22,12,17,Clothing,1,81.76,In-Store,California,81.76
172,2023-01-22,11,14,Electronics,4,154.31,Online,Texas,617.24
253,2023-01-22,33,12,Electronics,1,163.47,Online,Illinois,163.47
232,2023-01-22,41,15,Beauty & Personal Care,4,44.23,Online,California,176.92
509,2023-01-22,30,12,Electronics,3,108.83,Online,Illinois,326.49
800,2023-01-22,6,8,Electronics,1,154.67,Online,California,154.67
214,2023-01-22,32,11,Clothing,4,79.63,Online,New York,318.52
709,2023-01-22,19,12,Electronics,3,163.01,Online,California,489.03
823,2023-01-22,16,7,Electronics,1,138.21,Online,Florida,138.21
44,2023-01-23,15,2,Electronics,3,89.67,In-Store,Texas,269.01
967,2023-01-23,36,17,Beauty & Personal Care,2,67.2,Online,California,134.4
227,2023-01-23,21,4,Clothing,3,90.34,Online,Florida,271.02
305,2023-01-23,45,12,Clothing,3,25.32,In-Store,Illinois,75.96
593,2023-01-23,24,14,Clothing,1,74.13,Online,New York,74.13
252,2023-01-24,43,13,Electronics,2,83.89,Online,Florida,167.78
584,2023-01-24,15,11,Electronics,1,94.32,Online,California,94.32
447,2023-01-25,32,10,Clothing,4,21.62,Online,Illinois,86.48
87,2023-01-25,43,10,Electronics,4,122.48,Online,Texas,489.92
747,2023-01-25,39,1,Clothing,2,35.26,In-Store,New York,70.52
954,2023-01-25,5,3,Electronics,2,142.34,Online,New York,284.68
284,2023-01-25,29,17,Electronics,2,181.15,Online,Texas,362.3
517,2023-01-25,35,15,Electronics,3,155.63,Online,New York,466.89
493,2023-01-25,36,12,Electronics,4,61.79,Online,New York,247.16
745,2023-01-26,22,5,Clothing,2,40.43,Online,New York,80.86
103,2023-01-26,5,16,Electronics,2,50.52,In-Store,Illinois,101.04
540,2023-01-26,24,19,Electronics,4,59.91,In-Store,Florida,239.64
613,2023-01-26,8,8,Home & Kitchen,2,34.22,Online,California,68.44
512,2023-01-26,48,9,Home & Kitchen,2,45.32,Online,Florida,90.64
77,2023-01-26,26,2,Electronics,3,114.76,In-Store,Florida,344.28
563,2023-01-27,6,1,Electronics,2,128.59,In-Store,Texas,257.18
174,2023-01-27,41,9,Electronics,4,79.13,In-Store,Texas,316.52
446,2023-01-27,8,4,Beauty & Personal Care,2,22.23,In-Store,Texas,44.46
50,2023-01-27,21,12,Beauty & Personal Care,3,77.6,Online,California,232.8
451,2023-01-27,30,8,Electronics,4,116.99,In-Store,New York,467.96
188,2023-01-27,46,1,Beauty & Personal Care,3,53.09,Online,Texas,159.27
298,2023-01-27,10,9,Electronics,2,185.1,Online,Illinois,370.2
194,2023-01-27,49,10,Clothing,1,38.66,Online,New York,38.66
288,2023-01-28,42,1,Electronics,4,64.24,In-Store,Florida,256.96
374,2023-01-28,16,6,Beauty & Personal Care,4,67.32,In-Store,Florida,269.28
297,2023-01-28,38,19,Clothing,4,58.02,In-Store,New York,232.08
388,2023-01-28,9,14,Electronics,3,174.95,Online,Illinois,524.85
500,2023-01-28,48,10,Beauty & Personal Care,2,15.26,In-Store,New York,30.52
499,2023-01-28,22,7,Electronics,3,96.79,In-Store,California,290.37
539,2023-01-28,35,11,Electronics,2,125.16,Online,Illinois,250.32
182,2023-01-28,6,14,Beauty & Personal Care,2,65.05,Online,New York,130.1
468,2023-01-28,44,3,Electronics,4,83.21,In-Store,Florida,332.84
938,2023-01-28,31,9,Electronics,1,107.2,Online,Illinois,107.2
190,2023-01-28,10,3,Home & Kitchen,1,117.75,In-Store,Illinois,117.75
465,2023-01-28,8,12,Electronics,1,188.23,In-Store,California,188.23
72,2023-01-28,12,2,Clothing,1,70.07,Online,Texas,70.07
677,2023-01-28,4,9,Electronics,1,108.77,In-Store,California,108.77
868,2023-01-28,22,11,Electronics,4,76.23,In-Store,New York,304.92
630,2023-01-28,9,3,Electronics,2,56.07,In-Store,Illinois,112.14
215,2023-01-28,16,18,Home & Kitchen,1,112.73,Online,Illinois,112.73
897,2023-01-28,30,10,Home & Kitchen,4,133.54,Online,Texas,534.16
685,2023-01-28,11,8,Clothing,2,13.23,In-Store,Illinois,26.46
148,2023-01-28,19,9,Electronics,2,109.54,Online,Texas,219.08
242,2023-01-28,27,18,Electronics,3,84.72,In-Store,Illinois,254.16
674,2023-01-28,6,3,Electronics,4,169.64,Online,Florida,678.56
824,2023-01-28,46,1,Electronics,2,177.59,Online,Illinois,355.18
564,2023-01-28,47,1,Home & Kitchen,3,93.84,Online,Illinois,281.52
255,2023-01-28,48,11,Electronics,4,117.53,In-Store,Florida,470.12
261,2023-01-28,32,4,Electronics,4,159.58,In-Store,California,638.32
721,2023-01-28,25,7,Beauty & Personal Care,4,40.85,In-Store,Illinois,163.4
501,2023-01-28,15,14,Beauty & Personal Care,2,25.18,Online,California,50.36
504,2023-01-28,15,13,Beauty & Personal Care,4,29.87,In-Store,New York,119.48
617,2023-01-28,6,11,Electronics,1,159.92,Online,Illinois,159.92
667,2023-01-28,25,7,Beauty & Personal Care,3,51.39,In-Store,Texas,154.17
937,2023-01-28,5,9,Electronics,1,121.26,Online,California,121.26
36,2023-01-28,7,15,Electronics,1,74.39,In-Store,California,74.39
962,2023-01-28,47,12,Clothing,2,68.43,In-Store,Florida,136.86
875,2023-01-29,30,1,Electronics,1,94.7,Online,Illinois,94.7
89,2023-01-29,30,12,Electronics,1,137.03,Online,Illinois,137.03
342,2023-01-29,48,5,Electronics,3,75.63,Online,New York,226.89
359,2023-01-29,43,11,Clothing,2,31.09,Online,Illinois,62.18
161,2023-01-29,20,16,Clothing,3,76.37,In-Store,Illinois,229.11
529,2023-01-30,46,14,Electronics,4,50.53,In-Store,Florida,202.12
903,2023-01-30,48,6,Home & Kitchen,1,55.31,In-Store,California,55.31
269,2023-01-31,1,3,Electronics,4,62.53,Online,Illinois,250.12
734,2023-01-31,11,6,Electronics,2,103.4,Online,Florida,206.8
406,2023-01-31,39,16,Clothing,1,73.14,In-Store,New York,73.14
898,2023-02-01,43,3,Electronics,3,177.05,In-Store,Florida,531.15
846,2023-02-01,38,9,Beauty & Personal Care,3,95.09,Online,New York,285.27
330,2023-02-01,45,5,Clothing,4,11.16,Online,Illinois,44.64
444,2023-02-01,28,19,Beauty & Personal Care,3,35.75,In-Store,Florida,107.25
28,2023-02-02,46,16,Electronics,3,122.0,Online,New York,366.0
74,2023-02-02,1,12,Beauty & Personal Care,4,64.92,In-Store,Texas,259.68
947,2023-02-02,32,3,Beauty & Personal Care,2,97.34,In-Store,Illinois,194.68
995,2023-02-02,44,5,Electronics,4,196.04,Online,California,784.16
367,2023-02-02,36,5,Beauty & Personal Care,2,30.18,Online,Illinois,60.36
729,2023-02-02,43,19,Home & Kitchen,3,107.77,In-Store,New York,323.31
731,2023-02-02,2,12,Home & Kitchen,2,140.03,In-Store,Illinois,280.06
487,2023-02-02,30,18,Electronics,2,158.0,Online,California,316.0
168,2023-02-02,4,6,Electronics,3,198.54,In-Store,New York,595.62
828,2023-02-02,38,10,Clothing,3,81.75,In-Store,New York,245.25
762,2023-02-03,49,16,Beauty & Personal Care,1,91.03,Online,Florida,91.03
562,2023-02-03,5,17,Beauty & Personal Care,1,82.14,Online,New York,82.14
459,2023-02-03,49,4,Home & Kitchen,3,96.16,Online,New York,288.48
635,2023-02-03,2,5,Clothing,2,25.1,In-Store,California,50.2
891,2023-02-03,36,6,Electronics,1,121.0,In-Store,Florida,121.0
704,2023-02-03,24,1,Home & Kitchen,2,82.94,In-Store,California,165.88
732,2023-02-04,5,15,Beauty & Personal Care,4,79.08,Online,Illinois,316.32
759,2023-02-04,7,15,Electronics,4,138.04,Online,New York,552.16
602,2023-02-04,9,13,Home & Kitchen,4,85.2,Online,Texas,340.8
724,2023-02-04,11,14,Beauty & Personal Care,1,74.6,Online,Texas,74.6
601,2023-02-04,22,1,Electronics,3,97.43,Online,Illinois,292.29
443,2023-02-04,24,15,Home & Kitchen,4,49.97,In-Store,New York,199.88
366,2023-02-04,28,10,Clothing,4,72.1,Online,California,288.4
526,2023-02-04,18,8,Beauty & Personal Care,2,37.46,In-Store,New York,74.92
622,2023-02-04,32,4,Electronics,3,86.45,Online,Florida,259.35
525,2023-02-04,23,9,Home & Kitchen,2,144.49,Online,New York,288.98
756,2023-02-04,35,14,Electronics,2,192.14,In-Store,Florida,384.28
637,2023-02-04,19,15,Beauty & Personal Care,1,76.01,Online,Florida,76.01
472,2023-02-04,17,17,Beauty & Personal Care,3,23.57,Online,California,70.71
375,2023-02-04,13,13,Electronics,1,188.69,Online,Texas,188.69
505,2023-02-04,41,3,Beauty & Personal Care,4,21.68,In-Store,Florida,86.72
521,2023-02-04,9,6,Electronics,1,116.59,Online,Florida,116.59
749,2023-02-04,8,16,Clothing,4,74.24,Online,California,296.96
710,2023-02-04,7,1,Electronics,2,136.68,Online,California,273.36
458,2023-02-04,22,9,Home & Kitchen,3,123.57,Online,Illinois,370.71
296,2023-02-04,27,19,Home & Kitchen,4,106.49,Online,Texas,425.96
177,2023-02-04,5,13,Electronics,2,163.8,In-Store,California,327.6
162,2023-02-04,20,12,Electronics,4,100.99,Online,Illinois,403.96
326,2023-02-04,9,14,Home & Kitchen,3,79.62,Online,California,238.86
905,2023-02-04,4,6,Clothing,4,47.12,In-Store,Illinois,188.48
136,2023-02-04,17,4,Home & Kitchen,1,120.58,Online,California,120.58
178,2023-02-04,17,19,Clothing,4,94.08,In-Store,Illinois,376.32
924,2023-02-04,29,4,Clothing,2,72.42,Online,Texas,144.84
886,2023-02-04,29,9,Electronics,3,81.94,In-Store,California,245.82
110,2023-02-04,27,7,Beauty & Personal Care,1,29.06,In-Store,California,29.06
197,2023-02-04,26,12,Clothing,3,91.81,In-Store,Illinois,275.43
935,2023-02-04,1,12,Home & Kitchen,3,46.6,Online,California,139.8
889,2023-02-04,40,6,Electronics,3,170.27,In-Store,California,510.81
941,2023-02-04,11,11,Beauty & Personal Care,4,47.76,In-Store,New York,191.04
199,2023-02-04,29,1,Clothing,2,76.98,Online,New York,153.96
248,2023-02-04,22,17,Beauty & Personal Care,2,87.45,In-Store,Florida,174.9
976,2023-02-04,14,18,Electronics,1,122.83,In-Store,Illinois,122.83
979,2023-02-04,1,17,Electronics,4,67.06,Online,Illinois,268.24
980,2023-02-04,43,1,Electronics,3,62.95,Online,New York,188.85
266,2023-02-04,46,2,Home & Kitchen,3,139.8,Online,Illinois,419.4
982,2023-02-04,43,2,Home & Kitchen,1,79.85,Online,California,79.85
15,2023-02-04,34,9,Electronics,3,83.34,Online,New York,250.02
3,2023-02-04,39,15,Home & Kitchen,2,83.84,Online,Illinois,167.68
826,2023-02-04,45,15,Clothing,1,53.24,In-Store,Illinois,53.24
88,2023-02-04,6,3,Home & Kitchen,2,57.98,In-Store,Illinois,115.96
356,2023-02-04,36,4,Home & Kitchen,3,121.69,Online,New York,365.07
118,2023-02-05,4,8,Clothing,2,11.37,In-Store,Florida,22.74
278,2023-02-05,28,2,Clothing,4,73.3,Online,Florida,293.2
105,2023-02-05,25,12,Beauty & Personal Care,4,27.33,In-Store,New York,109.32
549,2023-02-05,11,16,Electronics,4,129.96,In-Store,California,519.84
970,2023-02-05,48,6,Beauty & Personal Care,2,20.16,In-Store,California,40.32
618,2023-02-05,30,14,Clothing,1,78.32,Online,California,78.32
589,2023-02-05,11,11,Clothing,2,39.24,In-Store,Texas,78.48
923,2023-02-05,2,10,Beauty & Personal Care,4,14.2,In-Store,New York,56.8
805,2023-02-05,10,14,Clothing,2,29.48,In-Store,California,58.96
353,2023-02-05,5,19,Beauty & Personal Care,1,89.43,In-Store,Florida,89.43
389,2023-02-05,41,18,Clothing,2,41.53,In-Store,New York,83.06
764,2023-02-05,23,10,Electronics,4,57.93,Online,Florida,231.72
379,2023-02-05,16,5,Home & Kitchen,2,48.2,Online,Florida,96.4
793,2023-02-05,21,18,Electronics,4,133.32,In-Store,New York,533.28
585,2023-02-06,11,8,Electronics,4,64.8,In-Store,New York,259.2
940,2023-02-06,25,11,Clothing,4,16.89,Online,Illinois,67.56
416,2023-02-06,28,4,Beauty & Personal Care,4,87.26,In-Store,Texas,349.04
423,2023-02-07,38,15,Electronics,2,167.98,Online,Florida,335.96
550,2023-02-07,32,9,Clothing,4,43.54,In-Store,Illinois,174.16
203,2023-02-08,35,5,Electronics,2,170.12,In-Store,Texas,340.24
815,2023-02-08,31,15,Clothing,2,75.67,In-Store,New York,151.34
592,2023-02-08,32,12,Home & Kitchen,1,36.83,In-Store,New York,36.83
325,2023-02-08,27,3,Electronics,3,53.0,Online,Texas,159.0
360,2023-02-08,23,15,Home & Kitchen,4,87.55,Online,Texas,350.2
171,2023-02-09,3,19,Electronics,4,138.48,In-Store,California,553.92
711,2023-02-09,16,10,Electronics,4,164.52,Online,California,658.08
258,2023-02-09,12,4,Home & Kitchen,2,48.93,Online,Florida,97.86
431,2023-02-09,35,5,Home & Kitchen,3,79.84,Online,Florida,239.52
871,2023-02-10,10,4,Clothing,3,98.57,Online,Florida,295.71
336,2023-02-10,20,5,Beauty & Personal Care,1,44.2,Online,Illinois,44.2
455,2023-02-10,19,4,Home & Kitchen,4,32.14,Online,California,128.56
438,2023-02-10,33,2,Clothing,1,48.57,In-Store,New York,48.57
184,2023-02-10,23,17,Home & Kitchen,2,105.7,Online,Florida,211.4
874,2023-02-10,34,10,Electronics,3,110.21,In-Store,Texas,330.63
901,2023-02-10,21,17,Home & Kitchen,4,46.29,In-Store,Texas,185.16
723,2023-02-11,18,8,Clothing,4,45.91,Online,Illinois,183.64
290,2023-02-11,40,5,Beauty & Personal Care,2,51.62,In-Store,Florida,103.24
198,2023-02-11,30,1,Clothing,2,96.34,Online,New York,192.68
321,2023-02-11,42,19,Beauty & Personal Care,1,41.31,In-Store,Florida,41.31
191,2023-02-11,28,7,Clothing,3,56.78,Online,Texas,170.34
881,2023-02-11,20,6,Beauty & Personal Care,4,57.24,In-Store,New York,228.96
180,2023-02-11,23,12,Clothing,4,55.04,In-Store,California,220.16
173,2023-02-11,5,14,Clothing,2,99.54,Online,Illinois,199.08
811,2023-02-11,47,13,Beauty & Personal Care,2,73.18,In-Store,California,146.36
680,2023-02-11,44,10,Beauty & Personal Care,2,87.52,In-Store,New York,175.04
750,2023-02-11,23,8,Beauty & Personal Care,1,93.88,In-Store,Florida,93.88
152,2023-02-11,9,9,Home & Kitchen,3,33.24,Online,Texas,99.72
902,2023-02-11,16,9,Clothing,2,94.87,In-Store,Florida,189.74
142,2023-02-11,27,7,Clothing,3,53.34,Online,Florida,160.02
914,2023-02-11,13,7,Home & Kitchen,1,109.11,Online,California,109.11
915,2023-02-11,14,10,Home & Kitchen,1,129.35,In-Store,Illinois,129.35
115,2023-02-11,8,16,Home & Kitchen,3,122.98,In-Store,Florida,368.94
930,2023-02-11,23,8,Home & Kitchen,2,66.27,In-Store,Texas,132.54
395,2023-02-11,48,15,Electronics,1,75.91,In-Store,Illinois,75.91
990,2023-02-11,7,4,Electronics,4,163.22,In-Store,Florida,652.88
610,2023-02-11,47,13,Beauty & Personal Care,4,68.8,Online,Illinois,275.2
30,2023-02-11,10,14,Beauty & Personal Care,3,99.7,In-Store,Illinois,299.1
771,2023-02-11,42,5,Home & Kitchen,3,40.17,In-Store,Texas,120.51
624,2023-02-11,2,2,Home & Kitchen,3,135.92,In-Store,California,407.76
733,2023-02-11,30,10,Beauty & Personal Care,3,36.25,In-Store,Florida,108.75
545,2023-02-11,36,9,Beauty & Personal Care,4,31.72,In-Store,Texas,126.88
958,2023-02-11,28,17,Home & Kitchen,1,83.23,In-Store,New York,83.23
955,2023-02-11,1,9,Home & Kitchen,4,101.74,Online,Texas,406.96
753,2023-02-11,39,6,Electronics,4,56.45,Online,Florida,225.8
101,2023-02-11,46,8,Clothing,4,46.85,In-Store,New York,187.4
518,2023-02-11,28,7,Home & Kitchen,2,47.41,Online,Florida,94.82
934,2023-02-11,11,16,Beauty & Personal Care,1,83.23,In-Store,Texas,83.23
54,2023-02-11,1,16,Clothing,3,73.71,Online,New York,221.13
289,2023-02-11,11,13,Electronics,1,141.37,Online,California,141.37
312,2023-02-11,36,4,Home & Kitchen,3,119.71,In-Store,California,359.13
259,2023-02-11,7,10,Home & Kitchen,3,75.75,In-Store,Texas,227.25
820,2023-02-11,32,5,Electronics,4,94.91,Online,Illinois,379.64
267,2023-02-11,1,16,Clothing,1,15.26,Online,Illinois,15.26
250,2023-02-11,41,14,Home & Kitchen,1,77.53,In-Store,New York,77.53
450,2023-02-11,38,5,Electronics,2,75.9,Online,Illinois,151.8
317,2023-02-11,24,18,Beauty & Personal Care,1,70.84,In-Store,Illinois,70.84
833,2023-02-11,37,5,Home & Kitchen,4,37.08,In-Store,Florida,148.32
428,2023-02-11,3,13,Clothing,4,69.9,Online,California,279.6
239,2023-02-11,27,17,Clothing,3,68.85,In-Store,California,206.55
469,2023-02-12,31,17,Home & Kitchen,1,47.56,In-Store,New York,47.56
951,2023-02-12,46,18,Clothing,2,68.34,In-Store,Florida,136.68
86,2023-02-12,44,11,Home & Kitchen,4,141.95,In-Store,Florida,567.8
384,2023-02-12,5,5,Home & Kitchen,1,85.53,Online,Florida,85.53
825,2023-02-12,32,8,Clothing,4,93.17,In-Store,Florida,372.68
911,2023-02-12,23,11,Clothing,3,94.4,Online,Texas,283.2
553,2023-02-12,23,4,Home & Kitchen,4,83.95,Online,New York,335.8
391,2023-02-13,7,13,Beauty & Personal Care,2,60.69,In-Store,Texas,121.38
578,2023-02-13,20,18,Home & Kitchen,4,45.84,Online,California,183.36
45,2023-02-13,40,8,Clothing,3,36.53,Online,New York,109.59
486,2023-02-15,7,5,Home & Kitchen,4,71.8,In-Store,Texas,287.2
480,2023-02-15,43,4,Beauty & Personal Care,2,87.3,In-Store,Illinois,174.6
377,2023-02-16,38,1,Home & Kitchen,3,140.1,Online,Illinois,420.3
743,2023-02-16,10,12,Electronics,3,148.69,Online,Illinois,446.07
873,2023-02-16,18,7,Clothing,4,63.43,In-Store,Illinois,253.72
315,2023-02-16,5,6,Home & Kitchen,2,117.42,Online,New York,234.84
842,2023-02-16,30,6,Clothing,2,63.61,In-Store,Illinois,127.22
81,2023-02-17,2,9,Clothing,1,23.52,In-Store,Florida,23.52
414,2023-02-17,8,11,Electronics,2,133.39,Online,Texas,266.78
628,2023-02-17,49,3,Electronics,2,115.64,In-Store,New York,231.28
556,2023-02-17,43,5,Electronics,3,66.36,In-Store,New York,199.08
989,2023-02-17,24,15,Beauty & Personal Care,3,51.69,Online,New York,155.07
151,2023-02-17,11,6,Home & Kitchen,1,56.49,Online,Texas,56.49
55,2023-02-17,18,9,Beauty & Personal Care,2,80.53,In-Store,Florida,161.06
212,2023-02-17,6,14,Home & Kitchen,2,82.73,In-Store,Illinois,165.46
818,2023-02-18,1,9,Beauty & Personal Care,1,12.03,Online,California,12.03
708,2023-02-18,21,11,Clothing,2,10.26,In-Store,Illinois,20.52
430,2023-02-18,3,8,Clothing,1,79.63,Online,New York,79.63
85,2023-02-18,49,10,Electronics,4,175.33,In-Store,California,701.32
942,2023-02-18,20,4,Electronics,3,162.92,In-Store,Texas,488.76
323,2023-02-18,23,10,Electronics,1,183.71,In-Store,Illinois,183.71
960,2023-02-18,46,14,Electronics,2,130.93,Online,California,261.86
61,2023-02-18,46,19,Clothing,2,65.95,In-Store,Illinois,131.9
58,2023-02-18,44,5,Clothing,4,80.4,In-Store,Florida,321.6
47,2023-02-18,34,8,Clothing,1,49.54,Online,Florida,49.54
857,2023-02-18,40,11,Home & Kitchen,3,76.11,In-Store,Texas,228.33
405,2023-02-18,42,14,Clothing,1,40.65,In-Store,California,40.65
318,2023-02-18,9,14,Home & Kitchen,4,110.7,Online,New York,442.8
263,2023-02-18,33,6,Home & Kitchen,1,107.88,Online,Texas,107.88
265,2023-02-18,47,9,Electronics,1,90.02,Online,New York,90.02
37,2023-02-18,14,15,Beauty & Personal Care,2,10.18,Online,Illinois,20.36
560,2023-02-18,26,10,Home & Kitchen,1,113.02,In-Store,California,113.02
977,2023-02-18,23,17,Electronics,1,167.76,In-Store,Texas,167.76
615,2023-02-18,41,5,Beauty & Personal Care,2,25.6,In-Store,Illinois,51.2
983,2023-02-18,6,1,Home & Kitchen,1,118.37,Online,Florida,118.37
24,2023-02-18,31,4,Home & Kitchen,4,141.86,Online,New York,567.44
572,2023-02-18,18,19,Beauty & Personal Care,4,46.28,In-Store,Florida,185.12
17,2023-02-18,27,13,Electronics,1,157.4,In-Store,California,157.4
213,2023-02-18,17,4,Home & Kitchen,1,33.44,Online,California,33.44
994,2023-02-18,13,13,Clothing,2,88.79,Online,Illinois,177.58
557,2023-02-18,18,2,Electronics,2,86.84,In-Store,Illinois,173.68
306,2023-02-18,4,18,Home & Kitchen,4,140.36,Online,Texas,561.44
742,2023-02-18,45,19,Beauty & Personal Care,1,21.44,In-Store,Texas,21.44
909,2023-02-18,20,6,Beauty & Personal Care,1,27.7,In-Store,Illinois,27.7
836,2023-02-18,35,14,Beauty & Personal Care,3,35.38,Online,Florida,106.14
679,2023-02-18,37,15,Electronics,4,78.03,Online,California,312.12
712,2023-02-18,41,19,Home & Kitchen,1,58.34,In-Store,Texas,58.34
513,2023-02-18,12,10,Clothing,3,94.12,In-Store,Florida,282.36
502,2023-02-18,10,13,Beauty & Personal Care,1,31.23,Online,Illinois,31.23
257,2023-02-18,30,11,Home & Kitchen,3,41.57,Online,New York,124.71
928,2023-02-18,23,5,Beauty & Personal Care,3,99.9,In-Store,California,299.7
272,2023-02-18,7,9,Clothing,2,63.15,In-Store,California,126.3
784,2023-02-18,1,1,Beauty & Personal Care,2,71.38,In-Store,California,142.76
251,2023-02-19,23,11,Clothing,4,26.78,Online,New York,107.12
758,2023-02-19,8,12,Clothing,4,16.23,In-Store,New York,64.92
751,2023-02-19,6,13,Clothing,4,48.62,Online,Florida,194.48
569,2023-02-19,18,3,Home & Kitchen,4,63.28,In-Store,Illinois,253.12
599,2023-02-19,35,14,Electronics,4,157.01,In-Store,California,628.04
814,2023-02-19,19,5,Clothing,2,26.27,In-Store,Illinois,52.54
506,2023-02-19,35,9,Electronics,1,170.06,Online,Texas,170.06
621,2023-02-20,48,15,Electronics,4,145.57,In-Store,California,582.28
832,2023-02-20,33,11,Clothing,4,17.69,Online,New York,70.76
516,2023-02-20,26,9,Beauty & Personal Care,4,73.56,Online,Illinois,294.24
349,2023-02-21,14,15,Clothing,2,55.67,In-Store,Illinois,111.34
483,2023-02-21,7,15,Home & Kitchen,2,78.46,In-Store,California,156.92
491,2023-02-21,5,5,Beauty & Personal Care,2,86.9,In-Store,Illinois,173.8
959,2023-02-22,18,7,Clothing,4,12.57,In-Store,Texas,50.28
839,2023-02-23,36,10,Home & Kitchen,1,145.07,In-Store,Florida,145.07
580,2023-02-23,35,1,Electronics,2,194.11,In-Store,California,388.22
489,2023-02-23,44,16,Clothing,3,93.37,In-Store,Illinois,280.11
324,2023-02-23,47,10,Clothing,2,26.16,Online,New York,52.32
403,2023-02-24,18,14,Clothing,3,45.6,In-Store,Florida,136.8
20,2023-02-24,46,10,Beauty & Personal Care,1,32.07,In-Store,California,32.07
6,2023-02-24,40,14,Beauty & Personal Care,2,80.57,Online,New York,161.14
996,2023-02-24,49,6,Home & Kitchen,1,72.47,Online,California,72.47
641,2023-02-24,49,9,Beauty & Personal Care,2,96.01,Online,California,192.02
141,2023-02-24,37,11,Clothing,2,19.48,Online,California,38.96
799,2023-02-25,39,15,Electronics,2,92.07,In-Store,Florida,184.14
681,2023-02-25,47,15,Home & Kitchen,4,51.71,Online,Illinois,206.84
99,2023-02-25,11,4,Clothing,3,26.25,In-Store,Texas,78.75
859,2023-02-25,21,2,Electronics,1,119.16,Online,Illinois,119.16
104,2023-02-25,42,2,Electronics,2,192.99,In-Store,Illinois,385.98
862,2023-02-25,10,4,Electronics,3,143.87,Online,Florida,431.61
760,2023-02-25,7,7,Beauty & Personal Care,2,30.02,In-Store,Florida,60.04
600,2023-02-25,16,3,Electronics,3,129.6,Online,Illinois,388.8
781,2023-02-25,12,7,Home & Kitchen,1,138.66,Online,New York,138.66
598,2023-02-25,17,17,Beauty & Personal Care,3,61.82,In-Store,Illinois,185.46
865,2023-02-25,47,11,Clothing,1,39.49,In-Store,Illinois,39.49
676,2023-02-25,7,16,Beauty & Personal Care,4,47.2,In-Store,Florida,188.8
308,2023-02-25,29,2,Clothing,3,87.3,Online,Florida,261.9
268,2023-02-25,48,16,Electronics,1,152.44,Online,Texas,152.44
23,2023-02-25,21,13,Clothing,4,58.88,In-Store,New York,235.52
364,2023-02-25,43,7,Clothing,2,93.37,In-Store,Texas,186.74
219,2023-02-25,2,9,Clothing,4,55.05,Online,Florida,220.2
696,2023-02-25,29,18,Home & Kitchen,2,146.5,In-Store,California,293.0
123,2023-02-25,19,12,Electronics,3,195.67,Online,California,587.01
327,2023-02-25,11,16,Clothing,3,58.75,In-Store,Texas,176.25
154,2023-02-25,33,5,Home & Kitchen,1,121.75,Online,Illinois,121.75
533,2023-02-25,4,9,Home & Kitchen,3,77.26,In-Store,Florida,231.78
591,2023-02-25,26,3,Beauty & Personal Care,4,47.6,In-Store,California,190.4
718,2023-02-25,30,19,Home & Kitchen,2,97.0,Online,California,194.0
53,2023-02-25,23,10,Beauty & Personal Care,3,16.06,In-Store,New York,48.18
946,2023-02-25,32,13,Beauty & Personal Care,3,15.77,In-Store,California,47.31
46,2023-02-25,7,18,Clothing,3,94.38,Online,New York,283.14
372,2023-02-25,4,12,Electronics,2,133.89,Online,Florida,267.78
59,2023-02-25,29,4,Electronics,2,109.21,In-Store,New York,218.42
466,2023-02-25,2,15,Beauty & Personal Care,4,59.43,In-Store,Texas,237.72
442,2023-02-25,9,4,Clothing,4,29.94,Online,New York,119.76
433,2023-02-25,38,7,Electronics,2,72.2,Online,Texas,144.4
163,2023-02-25,31,18,Home & Kitchen,3,88.76,In-Store,Illinois,266.28
462,2023-02-25,17,8,Electronics,1,72.5,Online,Illinois,72.5
779,2023-02-25,14,3,Electronics,2,72.56,In-Store,Illinois,145.12
808,2023-02-25,32,18,Electronics,2,118.76,Online,Illinois,237.52
672,2023-02-25,21,12,Electronics,4,135.21,In-Store,Illinois,540.84
346,2023-02-25,42,15,Electronics,4,174.48,In-Store,Illinois,697.92
347,2023-02-25,18,14,Home & Kitchen,3,131.68,In-Store,New York,395.04
650,2023-02-25,38,12,Electronics,4,140.77,Online,Florida,563.08
775,2023-02-26,24,17,Beauty & Personal Care,4,81.22,Online,New York,324.88
638,2023-02-26,44,5,Clothing,1,94.88,In-Store,Texas,94.88
866,2023-02-26,40,15,Clothing,2,39.38,In-Store,Texas,78.76
1,2023-02-26,8,7,Electronics,3,94.09,Online,California,282.27
354,2023-02-26,17,1,Home & Kitchen,2,114.73,In-Store,California,229.46
231,2023-02-26,9,2,Clothing,2,70.23,In-Store,New York,140.46
229,2023-02-26,5,17,Electronics,1,198.73,In-Store,California,198.73
127,2023-02-26,11,19,Beauty & Personal Care,3,94.73,Online,Texas,284.19
304,2023-02-26,42,3,Electronics,4,124.68,Online,California,498.72
313,2023-02-26,19,7,Clothing,4,61.52,In-Store,Illinois,246.08
125,2023-02-26,11,6,Clothing,2,79.82,Online,Illinois,159.64
139,2023-02-26,3,12,Beauty & Personal Care,4,47.38,In-Store,California,189.52
816,2023-02-27,12,5,Home & Kitchen,2,79.79,In-Store,Texas,159.58
222,2023-02-27,14,2,Electronics,2,87.54,In-Store,Illinois,175.08
725,2023-02-27,33,4,Clothing,3,89.5,Online,New York,268.5
40,2023-02-27,3,9,Clothing,1,25.18,Online,Illinois,25.18
796,2023-02-28,28,2,Beauty & Personal Care,3,74.74,Online,Texas,224.22
479,2023-02-28,45,15,Clothing,2,64.78,In-Store,Texas,129.56
699,2023-03-01,14,3,Home & Kitchen,1,131.44,In-Store,New York,131.44
135,2023-03-01,29,10,Home & Kitchen,1,121.18,In-Store,Illinois,121.18
777,2023-03-01,38,6,Home & Kitchen,4,89.54,In-Store,Texas,358.16
812,2023-03-02,43,18,Beauty & Personal Care,3,54.17,In-Store,Texas,162.51
401,2023-03-02,37,17,Home & Kitchen,4,39.86,In-Store,California,159.44
91,2023-03-02,7,1,Home & Kitchen,3,101.03,Online,Texas,303.09
894,2023-03-02,25,15,Home & Kitchen,2,51.27,Online,Illinois,102.54
409,2023-03-02,33,17,Home & Kitchen,2,105.52,Online,New York,211.04
737,2023-03-03,31,7,Home & Kitchen,2,47.42,Online,Illinois,94.84
543,2023-03-03,26,6,Beauty & Personal Care,3,38.98,Online,Florida,116.94
783,2023-03-03,2,17,Clothing,4,59.24,Online,Florida,236.96
67,2023-03-03,39,14,Home & Kitchen,2,110.25,Online,New York,220.5
440,2023-03-03,38,9,Home & Kitchen,2,72.61,Online,Illinois,145.22
798,2023-03-03,40,9,Home & Kitchen,1,72.24,In-Store,Texas,72.24
675,2023-03-04,1,14,Clothing,2,40.0,Online,California,80.0
368,2023-03-04,7,18,Home & Kitchen,3,116.22,Online,Texas,348.66
94,2023-03-04,12,16,Beauty & Personal Care,1,69.37,In-Store,Illinois,69.37
57,2023-03-04,17,18,Home & Kitchen,1,44.13,In-Store,Illinois,44.13
690,2023-03-04,25,7,Clothing,1,59.31,In-Store,Texas,59.31
692,2023-03-04,1,13,Beauty & Personal Care,2,68.89,Online,Illinois,137.78
415,2023-03-04,28,2,Home & Kitchen,1,100.32,Online,California,100.32
83,2023-03-04,14,2,Electronics,1,87.9,Online,Texas,87.9
65,2023-03-04,6,11,Home & Kitchen,3,63.1,In-Store,New York,189.3
399,2023-03-04,13,12,Clothing,3,95.73,Online,California,287.19
741,2023-03-04,40,3,Home & Kitchen,4,81.58,Online,California,326.32
740,2023-03-04,35,14,Home & Kitchen,1,74.95,Online,Illinois,74.95
432,2023-03-04,23,13,Home & Kitchen,2,143.29,In-Store,California,286.58
426,2023-03-04,43,6,Home & Kitchen,4,130.62,In-Store,Texas,522.48
424,2023-03-04,6,11,Home & Kitchen,3,104.36,Online,Florida,313.08
698,2023-03-04,26,10,Beauty & Personal Care,4,82.27,Online,Texas,329.08
396,2023-03-04,8,15,Home & Kitchen,3,42.95,Online,Illinois,128.85
586,2023-03-04,15,11,Electronics,4,55.47,Online,Texas,221.88
338,2023-03-04,41,6,Beauty & Personal Care,1,60.11,Online,Illinois,60.11
160,2023-03-04,32,14,Home & Kitchen,4,129.65,In-Store,Illinois,518.6
165,2023-03-04,45,18,Home & Kitchen,1,88.3,In-Store,Illinois,88.3
887,2023-03-04,29,15,Home & Kitchen,3,133.91,In-Store,Florida,401.73
885,2023-03-04,34,16,Electronics,3,187.69,In-Store,Texas,563.07
183,2023-03-04,7,2,Home & Kitchen,2,56.63,In-Store,Florida,113.26
185,2023-03-04,47,5,Home & Kitchen,1,142.97,In-Store,Florida,142.97
186,2023-03-04,28,14,Home & Kitchen,4,119.49,Online,New York,477.96
876,2023-03-04,13,14,Beauty & Personal Care,1,20.24,In-Store,Illinois,20.24
189,2023-03-04,47,11,Home & Kitchen,4,79.08,In-Store,California,316.32
872,2023-03-04,21,16,Clothing,1,52.64,Online,Illinois,52.64
202,2023-03-04,43,13,Electronics,3,130.07,Online,California,390.21
220,2023-03-04,9,9,Home & Kitchen,4,130.52,In-Store,Illinois,522.08
225,2023-03-04,26,6,Beauty & Personal Care,3,26.06,In-Store,Illinois,78.18
847,2023-03-04,44,18,Home & Kitchen,2,118.39,In-Store,Illinois,236.78
233,2023-03-04,27,19,Clothing,2,66.42,Online,Florida,132.84
254,2023-03-04,49,19,Home & Kitchen,3,59.54,Online,California,178.62
264,2023-03-04,28,1,Home & Kitchen,3,52.91,In-Store,Illinois,158.73
282,2023-03-04,20,5,Beauty & Personal Care,1,91.76,Online,Florida,91.76
292,2023-03-04,44,18,Beauty & Personal Care,4,67.88,Online,Florida,271.52
301,2023-03-04,40,2,Home & Kitchen,1,84.04,Online,Texas,84.04
302,2023-03-04,8,2,Home & Kitchen,3,109.24,Online,California,327.72
922,2023-03-04,15,14,Home & Kitchen,1,51.64,Online,Florida,51.64
311,2023-03-04,14,9,Clothing,2,18.77,Online,Florida,37.54
925,2023-03-04,3,5,Clothing,4,13.74,Online,Florida,54.96
334,2023-03-04,23,9,Electronics,3,149.37,Online,New York,448.11
95,2023-03-04,11,13,Electronics,1,141.67,Online,Texas,141.67
497,2023-03-04,9,16,Home & Kitchen,2,78.18,In-Store,Texas,156.36
594,2023-03-04,3,6,Home & Kitchen,3,90.26,Online,Florida,270.78
554,2023-03-04,25,2,Clothing,4,72.01,Online,Illinois,288.04
14,2023-03-04,34,14,Home & Kitchen,1,131.45,In-Store,Florida,131.45
616,2023-03-04,41,6,Clothing,2,82.8,Online,Texas,165.6
8,2023-03-04,23,4,Home & Kitchen,1,95.22,In-Store,Texas,95.22
571,2023-03-04,48,4,Home & Kitchen,3,100.37,In-Store,Texas,301.11
973,2023-03-04,32,18,Home & Kitchen,4,113.49,Online,California,453.96
606,2023-03-04,11,3,Home & Kitchen,2,66.66,Online,Florida,133.32
527,2023-03-04,49,7,Electronics,2,187.91,Online,Texas,375.82
544,2023-03-04,18,19,Clothing,2,51.9,In-Store,California,103.8
538,2023-03-04,35,10,Home & Kitchen,1,120.12,In-Store,California,120.12
604,2023-03-04,44,1,Clothing,2,58.35,In-Store,California,116.7
25,2023-03-04,23,2,Home & Kitchen,2,142.14,Online,Illinois,284.28
666,2023-03-04,41,8,Home & Kitchen,2,145.84,Online,Texas,291.68
29,2023-03-04,25,15,Home & Kitchen,2,59.11,Online,Florida,118.22
653,2023-03-04,10,11,Home & Kitchen,1,40.49,In-Store,Texas,40.49
541,2023-03-04,3,6,Home & Kitchen,2,112.31,In-Store,Illinois,224.62
691,2023-03-05,10,4,Home & Kitchen,1,101.17,In-Store,Texas,101.17
421,2023-03-05,31,12,Beauty & Personal Care,3,17.33,In-Store,Florida,51.99
558,2023-03-05,44,18,Beauty & Personal Care,2,80.47,In-Store,New York,160.94
445,2023-03-05,14,6,Home & Kitchen,4,82.75,In-Store,California,331.0
126,2023-03-05,40,15,Home & Kitchen,4,142.22,In-Store,New York,568.88
140,2023-03-05,18,1,Electronics,3,65.18,In-Store,Illinois,195.54
143,2023-03-05,28,19,Home & Kitchen,3,98.27,In-Store,New York,294.81
867,2023-03-05,8,1,Electronics,1,136.85,In-Store,California,136.85
884,2023-03-06,12,13,Home & Kitchen,2,98.98,In-Store,Texas,197.96
32,2023-03-06,40,13,Home & Kitchen,3,36.56,In-Store,New York,109.68
882,2023-03-06,47,16,Home & Kitchen,4,103.23,Online,California,412.92
146,2023-03-06,2,10,Home & Kitchen,2,133.8,In-Store,New York,267.6
583,2023-03-07,6,4,Clothing,2,40.61,In-Store,California,81.22
31,2023-03-07,4,16,Home & Kitchen,4,64.69,Online,Florida,258.76
658,2023-03-07,37,6,Beauty & Personal Care,1,24.92,In-Store,Florida,24.92
378,2023-03-07,36,12,Clothing,1,81.67,In-Store,Florida,81.67
861,2023-03-07,25,11,Home & Kitchen,4,105.27,Online,Florida,421.08
693,2023-03-07,6,10,Home & Kitchen,1,142.01,Online,Texas,142.01
632,2023-03-07,20,12,Home & Kitchen,1,59.99,In-Store,New York,59.99
972,2023-03-07,48,7,Beauty & Personal Care,3,14.94,Online,Illinois,44.82
645,2023-03-08,15,18,Beauty & Personal Care,2,42.26,In-Store,New York,84.52
566,2023-03-08,21,11,Electronics,3,151.27,Online,Texas,453.81
270,2023-03-08,42,16,Home & Kitchen,2,36.23,In-Store,New York,72.46
577,2023-03-08,6,6,Home & Kitchen,1,45.11,In-Store,Illinois,45.11
408,2023-03-09,2,16,Clothing,4,21.59,Online,New York,86.36
331,2023-03-09,10,10,Home & Kitchen,3,89.48,Online,Florida,268.44
929,2023-03-09,39,6,Electronics,3,75.4,In-Store,Texas,226.2
968,2023-03-09,36,18,Home & Kitchen,3,97.48,Online,Florida,292.44
707,2023-03-09,38,9,Home & Kitchen,2,65.65,Online,California,131.3
766,2023-03-10,13,1,Home & Kitchen,1,45.43,Online,Florida,45.43
936,2023-03-10,8,13,Home & Kitchen,2,30.96,Online,Florida,61.92
453,2023-03-10,26,14,Home & Kitchen,1,102.76,Online,New York,102.76
96,2023-03-10,4,18,Home & Kitchen,2,39.9,In-Store,Illinois,79.8
515,2023-03-10,20,1,Home & Kitchen,2,76.96,In-Store,Florida,153.92
953,2023-03-10,39,13,Clothing,1,65.56,In-Store,Illinois,65.56
291,2023-03-11,41,3,Beauty & Personal Care,3,27.67,In-Store,Illinois,83.01
619,2023-03-11,21,8,Electronics,2,151.04,Online,Illinois,302.08
10,2023-03-11,9,1,Home & Kitchen,4,34.35,Online,Florida,137.4
806,2023-03-11,12,17,Electronics,1,93.33,In-Store,Florida,93.33
921,2023-03-11,24,11,Home & Kitchen,4,140.87,Online,Illinois,563.48
551,2023-03-11,9,11,Home & Kitchen,2,120.65,Online,Florida,241.3
39,2023-03-11,44,5,Home & Kitchen,1,42.67,Online,Florida,42.67
794,2023-03-11,14,10,Beauty & Personal Care,4,68.91,In-Store,Florida,275.64
878,2023-03-11,10,9,Beauty & Personal Care,4,86.32,In-Store,Texas,345.28
780,2023-03-11,4,19,Home & Kitchen,2,83.31,Online,Texas,166.62
113,2023-03-11,10,15,Electronics,2,164.63,In-Store,Florida,329.26
63,2023-03-11,25,6,Clothing,3,71.35,Online,New York,214.05
776,2023-03-11,44,13,Home & Kitchen,4,144.01,Online,California,576.04
773,2023-03-11,28,2,Clothing,4,55.46,Online,California,221.84
772,2023-03-11,6,11,Home & Kitchen,3,69.91,In-Store,Texas,209.73
169,2023-03-11,36,10,Home & Kitchen,3,38.98,In-Store,Florida,116.94
821,2023-03-11,4,6,Home & Kitchen,1,107.03,In-Store,Illinois,107.03
927,2023-03-11,38,18,Beauty & Personal Care,1,97.45,Online,New York,97.45
918,2023-03-11,47,13,Home & Kitchen,1,44.34,In-Store,Texas,44.34
49,2023-03-11,26,1,Home & Kitchen,3,63.4,In-Store,Florida,190.2
498,2023-03-11,32,17,Clothing,2,80.42,Online,Illinois,160.84
156,2023-03-11,39,2,Electronics,4,171.97,In-Store,Illinois,687.88
181,2023-03-11,27,17,Home & Kitchen,2,118.74,In-Store,Texas,237.48
149,2023-03-11,35,15,Home & Kitchen,4,97.9,In-Store,Florida,391.6
665,2023-03-11,5,17,Beauty & Personal Care,1,92.27,In-Store,New York,92.27
210,2023-03-11,1,7,Home & Kitchen,2,64.98,In-Store,California,129.96
218,2023-03-11,33,14,Home & Kitchen,3,144.16,Online,Illinois,432.48
481,2023-03-11,3,15,Home & Kitchen,3,147.27,In-Store,California,441.81
856,2023-03-11,35,8,Clothing,1,71.83,In-Store,Illinois,71.83
519,2023-03-11,26,18,Home & Kitchen,4,134.13,Online,Texas,536.52
906,2023-03-11,40,17,Beauty & Personal Care,2,95.84,In-Store,California,191.68
574,2023-03-11,27,4,Home & Kitchen,1,85.54,In-Store,Illinois,85.54
609,2023-03-11,38,14,Home & Kitchen,3,91.8,In-Store,Texas,275.4
682,2023-03-11,5,1,Home & Kitchen,1,52.87,In-Store,California,52.87
844,2023-03-11,20,2,Beauty & Personal Care,1,59.81,In-Store,Illinois,59.81
235,2023-03-11,26,11,Electronics,2,163.58,Online,California,327.16
357,2023-03-11,10,16,Electronics,4,162.69,In-Store,Florida,650.76
133,2023-03-11,11,5,Home & Kitchen,4,138.31,In-Store,New York,553.24
66,2023-03-11,5,19,Home & Kitchen,2,40.37,Online,Illinois,80.74
398,2023-03-11,45,15,Beauty & Personal Care,3,93.45,In-Store,Florida,280.35
957,2023-03-11,21,8,Home & Kitchen,2,127.96,In-Store,Florida,255.92
739,2023-03-11,32,5,Home & Kitchen,3,78.54,In-Store,California,235.62
726,2023-03-11,49,16,Electronics,1,95.35,In-Store,California,95.35
727,2023-03-11,38,12,Beauty & Personal Care,3,13.15,In-Store,Texas,39.45
461,2023-03-11,4,9,Home & Kitchen,1,114.31,Online,Florida,114.31
64,2023-03-11,49,14,Electronics,4,196.24,In-Store,California,784.96
71,2023-03-11,49,12,Clothing,3,31.85,In-Store,Texas,95.55
956,2023-03-11,45,13,Home & Kitchen,1,73.42,Online,California,73.42
79,2023-03-11,47,8,Home & Kitchen,2,87.91,In-Store,Texas,175.82
411,2023-03-11,48,19,Beauty & Personal Care,2,62.98,In-Store,New York,125.96
647,2023-03-11,5,16,Home & Kitchen,3,116.88,Online,California,350.64
18,2023-03-11,49,11,Clothing,1,59.69,Online,New York,59.69
418,2023-03-11,32,16,Home & Kitchen,2,125.83,In-Store,Illinois,251.66
573,2023-03-12,32,8,Home & Kitchen,3,75.64,In-Store,California,226.92
945,2023-03-12,48,9,Clothing,3,93.57,In-Store,New York,280.71
159,2023-03-12,20,17,Home & Kitchen,4,90.24,In-Store,Texas,360.96
851,2023-03-12,7,5,Clothing,1,26.98,In-Store,California,26.98
137,2023-03-12,40,5,Clothing,4,80.44,In-Store,Texas,321.76
76,2023-03-12,35,2,Home & Kitchen,2,145.84,Online,Texas,291.68
919,2023-03-13,17,5,Home & Kitchen,4,49.71,Online,Texas,198.84
999,2023-03-13,6,11,Clothing,3,82.82,In-Store,Illinois,248.46
997,2023-03-13,22,9,Home & Kitchen,4,76.53,In-Store,New York,306.12
620,2023-03-13,6,9,Home & Kitchen,3,131.95,In-Store,Illinois,395.85
597,2023-03-14,4,3,Electronics,3,131.75,Online,Texas,395.25
705,2023-03-15,11,11,Beauty & Personal Care,4,67.36,Online,Florida,269.44
295,2023-03-15,17,4,Electronics,4,106.32,Online,Texas,425.28
456,2023-03-15,22,6,Home & Kitchen,1,97.82,Online,Illinois,97.82
200,2023-03-15,2,3,Home & Kitchen,1,147.88,Online,California,147.88
404,2023-03-16,47,3,Clothing,3,98.39,Online,California,295.17
877,2023-03-16,31,15,Home & Kitchen,1,87.37,Online,Florida,87.37
869,2023-03-17,22,11,Home & Kitchen,2,139.17,Online,New York,278.34
383,2023-03-17,32,5,Home & Kitchen,1,126.74,In-Store,New York,126.74
988,2023-03-17,34,15,Home & Kitchen,2,57.88,In-Store,California,115.76
333,2023-03-17,10,5,Home & Kitchen,1,89.86,Online,Texas,89.86
176,2023-03-17,30,4,Electronics,4,193.04,In-Store,New York,772.16
419,2023-03-17,13,17,Home & Kitchen,4,86.31,In-Store,Texas,345.24
998,2023-03-17,5,4,Home & Kitchen,3,121.09,In-Store,Florida,363.27
134,2023-03-17,2,11,Home & Kitchen,2,139.91,In-Store,Illinois,279.82
279,2023-03-18,16,2,Home & Kitchen,1,88.79,In-Store,Florida,88.79
490,2023-03-18,27,3,Home & Kitchen,3,65.29,Online,Texas,195.87
646,2023-03-18,13,10,Beauty & Personal Care,2,34.48,Online,New York,68.96
473,2023-03-18,22,11,Home & Kitchen,1,143.35,Online,New York,143.35
626,2023-03-18,39,8,Home & Kitchen,4,113.85,Online,California,455.4
684,2023-03-18,10,17,Beauty & Personal Care,2,50.17,Online,Texas,100.34
834,2023-03-18,28,15,Home & Kitchen,4,66.97,Online,New York,267.88
837,2023-03-18,39,14,Home & Kitchen,4,53.46,In-Store,Illinois,213.84
243,2023-03-18,31,16,Electronics,1,77.09,In-Store,Texas,77.09
208,2023-03-18,15,12,Electronics,4,143.18,Online,New York,572.72
234,2023-03-18,13,13,Home & Kitchen,4,56.16,In-Store,California,224.64
530,2023-03-18,49,8,Beauty & Personal Care,4,16.93,In-Store,New York,67.72
73,2023-03-18,35,11,Home & Kitchen,4,34.61,Online,Texas,138.44
850,2023-03-18,12,16,Beauty & Personal Care,2,98.92,In-Store,Florida,197.84
852,2023-03-18,45,18,Home & Kitchen,1,34.83,In-Store,Illinois,34.83
904,2023-03-18,12,9,Home & Kitchen,4,122.5,Online,New York,490.0
649,2023-03-18,49,11,Home & Kitchen,4,56.47,Online,Illinois,225.88
605,2023-03-18,45,5,Home & Kitchen,3,60.5,Online,Florida,181.5
145,2023-03-18,49,10,Electronics,1,92.74,In-Store,California,92.74
950,2023-03-18,24,9,Home & Kitchen,1,46.52,Online,California,46.52
68,2023-03-18,22,14,Home & Kitchen,1,38.33,Online,Texas,38.33
520,2023-03-18,27,14,Clothing,1,33.71,In-Store,California,33.71
38,2023-03-18,34,4,Home & Kitchen,3,145.06,In-Store,New York,435.18
376,2023-03-18,33,16,Home & Kitchen,4,44.62,Online,New York,178.48
787,2023-03-18,14,11,Home & Kitchen,1,67.15,Online,Illinois,67.15
788,2023-03-18,18,14,Home & Kitchen,3,94.55,Online,Florida,283.65
581,2023-03-18,40,4,Home & Kitchen,1,92.22,Online,Texas,92.22
340,2023-03-18,7,14,Home & Kitchen,2,141.1,In-Store,Illinois,282.2
926,2023-03-18,39,15,Home & Kitchen,3,97.6,In-Store,Florida,292.8
631,2023-03-18,48,11,Home & Kitchen,3,145.36,In-Store,Texas,436.08
634,2023-03-18,39,13,Home & Kitchen,1,110.05,In-Store,New York,110.05
494,2023-03-18,27,3,Home & Kitchen,3,93.16,Online,Florida,279.48
987,2023-03-18,32,18,Home & Kitchen,1,61.98,In-Store,Florida,61.98
34,2023-03-18,28,9,Beauty & Personal Care,3,25.2,Online,Illinois,75.6
769,2023-03-18,5,19,Home & Kitchen,2,97.15,In-Store,Texas,194.3
343,2023-03-18,37,5,Home & Kitchen,4,40.49,In-Store,Texas,161.96
369,2023-03-18,28,12,Home & Kitchen,2,33.87,Online,California,67.74
307,2023-03-18,8,3,Beauty & Personal Care,2,80.91,In-Store,New York,161.82
467,2023-03-18,31,18,Beauty & Personal Care,2,24.83,In-Store,New York,49.66
689,2023-03-18,26,3,Clothing,3,64.79,In-Store,Florida,194.37
660,2023-03-18,16,8,Home & Kitchen,3,66.79,In-Store,Illinois,200.37
144,2023-03-18,7,12,Clothing,4,12.11,Online,Illinois,48.44
770,2023-03-18,35,14,Electronics,4,179.36,Online,Illinois,717.44
695,2023-03-18,17,19,Home & Kitchen,1,62.14,In-Store,California,62.14
371,2023-03-19,5,2,Home & Kitchen,2,120.59,In-Store,Illinois,241.18
582,2023-03-19,10,17,Clothing,2,21.1,In-Store,Illinois,42.2
277,2023-03-19,30,14,Home & Kitchen,2,91.17,In-Store,California,182.34
303,2023-03-19,12,10,Home & Kitchen,4,82.38,Online,Florida,329.52
328,2023-03-19,7,4,Electronics,4,187.07,Online,California,748.28
27,2023-03-19,25,11,Home & Kitchen,1,83.21,Online,California,83.21
274,2023-03-19,23,9,Home & Kitchen,2,63.89,In-Store,New York,127.78
969,2023-03-20,11,3,Beauty & Personal Care,3,26.57,In-Store,New York,79.71
807,2023-03-20,2,10,Electronics,3,87.64,Online,Florida,262.92
655,2023-03-21,3,6,Beauty & Personal Care,1,10.98,In-Store,Florida,10.98
575,2023-03-21,6,16,Home & Kitchen,1,135.32,In-Store,Florida,135.32
537,2023-03-22,9,5,Home & Kitchen,2,134.55,Online,Illinois,269.1
633,2023-03-22,12,2,Home & Kitchen,4,136.29,Online,California,545.16
310,2023-03-22,49,4,Beauty & Personal Care,4,45.23,Online,Texas,180.92
5,2023-03-22,49,8,Home & Kitchen,3,131.13,In-Store,New York,393.39
536,2023-03-22,2,15,Electronics,2,105.92,Online,Florida,211.84
555,2023-03-22,4,18,Home & Kitchen,3,85.57,In-Store,New York,256.71
880,2023-03-23,34,8,Clothing,2,84.83,Online,Texas,169.66
899,2023-03-23,35,11,Home & Kitchen,3,136.95,Online,Florida,410.85
595,2023-03-23,21,15,Home & Kitchen,2,47.84,In-Store,Illinois,95.68
362,2023-03-23,24,10,Home & Kitchen,3,65.17,Online,New York,195.51
352,2023-03-23,39,10,Clothing,1,41.53,In-Store,Florida,41.53
974,2023-03-23,47,5,Electronics,1,191.99,In-Store,Illinois,191.99
755,2023-03-23,4,19,Home & Kitchen,1,95.05,In-Store,California,95.05
412,2023-03-24,9,7,Electronics,4,154.78,In-Store,California,619.12
322,2023-03-24,8,18,Beauty & Personal Care,2,47.2,Online,Texas,94.4
485,2023-03-24,39,14,Home & Kitchen,1,38.11,Online,New York,38.11
744,2023-03-24,16,11,Clothing,1,68.01,Online,Texas,68.01
722,2023-03-24,33,11,Home & Kitchen,2,114.44,Online,Illinois,228.88
283,2023-03-24,47,4,Home & Kitchen,4,71.79,Online,Illinois,287.16
774,2023-03-24,32,2,Clothing,1,81.35,Online,New York,81.35
614,2023-03-24,49,9,Clothing,3,94.23,Online,Illinois,282.69
247,2023-03-24,46,14,Home & Kitchen,4,139.83,Online,Texas,559.32
703,2023-03-24,12,17,Clothing,4,52.14,In-Store,New York,208.56
786,2023-03-24,18,2,Electronics,1,188.95,In-Store,Florida,188.95
961,2023-03-25,24,16,Home & Kitchen,2,80.6,Online,Illinois,161.2
98,2023-03-25,22,7,Electronics,2,109.92,In-Store,New York,219.84
952,2023-03-25,39,9,Home & Kitchen,1,122.18,In-Store,California,122.18
16,2023-03-25,31,5,Home & Kitchen,1,93.5,Online,Texas,93.5
943,2023-03-25,17,18,Home & Kitchen,4,117.4,In-Store,California,469.6
97,2023-03-25,11,6,Home & Kitchen,3,40.72,Online,California,122.16
33,2023-03-25,36,18,Clothing,1,67.86,In-Store,Texas,67.86
124,2023-03-25,11,11,Clothing,4,53.23,Online,Texas,212.92
4,2023-03-25,3,9,Home & Kitchen,2,68.29,In-Store,Florida,136.58
13,2023-03-25,49,18,Home & Kitchen,2,137.28,Online,Texas,274.56
9,2023-03-25,28,15,Home & Kitchen,3,44.97,Online,California,134.91
132,2023-03-25,10,16,Home & Kitchen,3,67.8,Online,Illinois,203.4
42,2023-03-25,46,10,Clothing,1,18.62,Online,New York,18.62
7,2023-03-25,14,13,Beauty & Personal Care,4,65.2,In-Store,Florida,260.8
900,2023-03-25,10,2,Clothing,4,18.97,Online,Illinois,75.88
114,2023-03-25,48,11,Home & Kitchen,2,78.32,In-Store,California,156.64
56,2023-03-25,11,18,Home & Kitchen,1,127.63,In-Store,New York,127.63
797,2023-03-25,25,19,Clothing,4,49.97,In-Store,Florida,199.88
193,2023-03-25,28,12,Electronics,4,146.39,In-Store,New York,585.56
348,2023-03-25,3,4,Electronics,2,113.0,In-Store,California,226.0
761,2023-03-25,23,3,Home & Kitchen,3,81.69,In-Store,New York,245.07
754,2023-03-25,20,9,Clothing,2,81.2,Online,Florida,162.4
382,2023-03-25,38,6,Clothing,1,81.18,Online,New York,81.18
385,2023-03-25,24,18,Home & Kitchen,3,42.12,Online,California,126.36
157,2023-03-25,1,13,Home & Kitchen,2,59.47,Online,New York,118.94
435,2023-03-25,13,2,Electronics,4,132.74,Online,California,530.96
436,2023-03-25,44,16,Beauty & Personal Care,4,44.97,In-Store,New York,179.88
449,2023-03-25,39,16,Beauty & Personal Care,1,20.56,Online,New York,20.56
460,2023-03-25,8,4,Home & Kitchen,4,45.88,Online,New York,183.52
702,2023-03-25,42,11,Home & Kitchen,4,99.49,Online,Florida,397.96
495,2023-03-25,31,17,Home & Kitchen,2,106.72,Online,Texas,213.44
503,2023-03-25,42,2,Electronics,1,110.24,Online,New York,110.24
522,2023-03-25,37,9,Home & Kitchen,3,102.73,Online,California,308.19
524,2023-03-25,44,4,Home & Kitchen,3,38.06,Online,New York,114.18
654,2023-03-25,31,13,Home & Kitchen,4,57.78,In-Store,Texas,231.12
528,2023-03-25,7,11,Home & Kitchen,4,48.15,Online,Texas,192.6
651,2023-03-25,1,7,Home & Kitchen,1,72.29,Online,Illinois,72.29
636,2023-03-25,27,15,Home & Kitchen,3,104.84,In-Store,Florida,314.52
552,2023-03-25,32,6,Clothing,4,97.24,In-Store,Texas,388.96
627,2023-03-25,9,3,Home & Kitchen,1,120.9,Online,California,120.9
623,2023-03-25,3,2,Home & Kitchen,3,131.92,Online,Illinois,395.76
565,2023-03-25,47,4,Home & Kitchen,4,32.06,Online,Florida,128.24
576,2023-03-25,45,13,Home & Kitchen,2,44.17,In-Store,New York,88.34
596,2023-03-25,10,4,Electronics,3,174.78,Online,Florida,524.34
345,2023-03-25,24,7,Home & Kitchen,4,71.15,In-Store,New York,284.6
337,2023-03-25,15,11,Electronics,1,97.66,In-Store,New York,97.66
730,2023-03-25,19,19,Home & Kitchen,3,31.32,Online,New York,93.96
236,2023-03-25,2,6,Clothing,1,22.98,Online,Illinois,22.98
849,2023-03-25,2,3,Home & Kitchen,2,56.05,In-Store,Florida,112.1
223,2023-03-25,48,3,Home & Kitchen,4,56.64,Online,Florida,226.56
314,2023-03-25,42,8,Home & Kitchen,4,69.22,In-Store,Texas,276.88
221,2023-03-25,20,6,Beauty & Personal Care,1,12.99,In-Store,New York,12.99
802,2023-03-25,35,10,Home & Kitchen,2,70.57,In-Store,New York,141.14
262,2023-03-25,23,9,Home & Kitchen,4,36.07,Online,Illinois,144.28
829,2023-03-25,31,19,Home & Kitchen,2,132.91,Online,New York,265.82
196,2023-03-25,14,3,Home & Kitchen,3,110.72,In-Store,Illinois,332.16
803,2023-03-25,40,5,Electronics,1,168.41,Online,Texas,168.41
835,2023-03-26,23,3,Beauty & Personal Care,1,90.17,In-Store,Florida,90.17
860,2023-03-26,48,4,Beauty & Personal Care,4,15.41,In-Store,New York,61.64
417,2023-03-26,35,4,Home & Kitchen,1,107.15,In-Store,Illinois,107.15
273,2023-03-26,36,5,Home & Kitchen,2,141.78,Online,California,283.56
568,2023-03-26,6,7,Clothing,4,62.1,In-Store,Texas,248.4
1000,2023-03-26,39,12,Home & Kitchen,4,89.23,Online,Florida,356.92
281,2023-03-26,43,11,Clothing,2,37.26,In-Store,Texas,74.52
112,2023-03-26,40,12,Clothing,2,28.17,In-Store,Florida,56.34
316,2023-03-27,25,18,Home & Kitchen,4,117.14,Online,Texas,468.56
792,2023-03-28,10,18,Home & Kitchen,4,141.99,In-Store,New York,567.96
822,2023-03-28,23,2,Electronics,4,166.52,In-Store,Florida,666.08
913,2023-03-28,45,3,Home & Kitchen,4,95.9,Online,New York,383.6
339,2023-03-29,15,15,Home & Kitchen,1,45.16,In-Store,Illinois,45.16
736,2023-03-29,7,12,Home & Kitchen,3,149.47,Online,New York,448.41
434,2023-03-29,23,1,Home & Kitchen,1,50.08,In-Store,Illinois,50.08
657,2023-03-29,21,12,Home & Kitchen,4,62.28,Online,Illinois,249.12
965,2023-03-30,29,2,Clothing,3,62.99,Online,Illinois,188.97
108,2023-03-30,42,16,Home & Kitchen,4,98.32,Online,Texas,393.28
51,2023-03-30,18,16,Home & Kitchen,2,134.13,Online,Illinois,268.26
476,2023-03-30,21,4,Clothing,3,89.4,Online,Illinois,268.2
195,2023-03-31,31,17,Home & Kitchen,1,129.57,In-Store,Texas,129.57
422,2023-03-31,17,8,Home & Kitchen,3,69.12,In-Store,Texas,207.36
511,2023-03-31,47,10,Electronics,3,123.08,In-Store,Texas,369.24
138,2023-03-31,38,1,Home & Kitchen,2,49.43,Online,Illinois,98.86
335,2023-03-31,26,19,Home & Kitchen,2,128.83,In-Store,Illinois,257.66
531,2023-03-31,49,5,Home & Kitchen,3,37.96,In-Store,Illinois,113.88
567,2023-04-01,25,1,Electronics,3,172.08,Online,California,516.24
523,2023-04-01,44,6,Home & Kitchen,1,116.39,In-Store,California,116.39
155,2023-04-01,31,10,Home & Kitchen,1,88.57,Online,Illinois,88.57
532,2023-04-01,21,4,Electronics,2,174.82,Online,Florida,349.64
648,2023-04-01,32,3,Electronics,4,173.01,In-Store,Illinois,692.04
570,2023-04-01,45,19,Beauty & Personal Care,1,49.39,In-Store,Texas,49.39
2,2023-04-01,13,1,Clothing,3,88.39,In-Store,California,265.17
639,2023-04-01,15,19,Home & Kitchen,4,44.15,Online,Florida,176.6
603,2023-04-01,39,6,Clothing,4,78.44,Online,Florida,313.76
548,2023-04-01,34,4,Home & Kitchen,3,39.05,Online,Illinois,117.15
209,2023-04-01,48,1,Home & Kitchen,1,83.93,In-Store,Texas,83.93
204,2023-04-01,39,10,Beauty & Personal Care,2,94.06,In-Store,Florida,188.12
612,2023-04-01,20,8,Home & Kitchen,1,45.87,In-Store,Illinois,45.87
854,2023-04-01,47,14,Electronics,2,141.65,Online,New York,283.3
216,2023-04-01,36,9,Electronics,1,57.59,Online,Texas,57.59
119,2023-04-01,42,18,Beauty & Personal Care,3,35.7,In-Store,California,107.1
484,2023-04-01,17,5,Home & Kitchen,3,113.28,In-Store,Texas,339.84
320,2023-04-01,11,10,Electronics,3,106.15,Online,Illinois,318.45
789,2023-04-01,1,4,Beauty & Personal Care,1,25.27,Online,Florida,25.27
932,2023-04-01,43,5,Home & Kitchen,1,147.34,Online,Illinois,147.34
111,2023-04-01,13,11,Beauty & Personal Care,3,98.12,In-Store,California,294.36
810,2023-04-01,30,3,Clothing,4,66.91,In-Store,Florida,267.64
365,2023-04-01,13,19,Electronics,1,119.91,In-Store,California,119.91
757,2023-04-01,32,9,Home & Kitchen,1,54.0,In-Store,Florida,54.0
381,2023-04-01,33,7,Home & Kitchen,2,73.98,Online,Texas,147.96
916,2023-04-01,2,13,Home & Kitchen,1,140.82,In-Store,Florida,140.82
387,2023-04-01,17,6,Clothing,4,98.26,Online,Texas,393.04
488,2023-04-01,41,18,Beauty & Personal Care,1,97.38,In-Store,New York,97.38
827,2023-04-01,21,5,Clothing,2,46.9,In-Store,Illinois,93.8
271,2023-04-01,46,12,Beauty & Personal Care,1,28.79,Online,California,28.79
437,2023-04-01,43,5,Electronics,2,192.73,In-Store,Illinois,385.46
439,2023-04-01,4,13,Clothing,2,46.49,In-Store,Florida,92.98
256,2023-04-01,9,14,Beauty & Personal Care,3,61.78,Online,Illinois,185.34
463,2023-04-01,14,13,Clothing,4,35.3,Online,Illinois,141.2
471,2023-04-01,5,16,Beauty & Personal Care,1,98.82,Online,California,98.82
694,2023-04-01,38,7,Clothing,4,23.78,In-Store,Texas,95.12
688,2023-04-01,20,3,Clothing,2,47.04,Online,Texas,94.08
475,2023-04-01,35,7,Clothing,2,19.64,In-Store,Florida,39.28
477,2023-04-01,49,10,Clothing,4,90.7,In-Store,Texas,362.8
949,2023-04-01,1,13,Beauty & Personal Care,1,31.37,Online,New York,31.37
62,2023-04-01,20,13,Beauty & Personal Care,4,31.47,In-Store,Texas,125.88
